recv_ts_unix,sender_ts_unix,frame_id,sender_est_oneway_ms,machine_clock_diff_ms,label
1779261432.088736,1779261431.1415122,160,,947.224,car_A
1779261432.7765162,1779261431.8344054,167,,942.111,car_A
1779261433.263216,1779261432.5395505,174,548.275,723.665,car_A
1779261433.6742668,1779261433.039614,179,552.396,634.653,car_A
1779261434.0742917,1779261433.4353974,183,400.472,638.894,car_A
1779261434.3953223,1779261433.837378,187,400.472,557.944,car_A
1779261434.7081773,1779261434.232409,191,398.945,475.768,car_A
1779261434.9820263,1779261434.5370648,194,398.571,444.962,car_A
1779261435.216993,1779261434.7377875,196,349.912,479.206,car_A
1779261435.4469097,1779261435.0398383,199,302.370,407.071,car_A
1779261435.663026,1779261435.242032,201,300.226,420.994,car_A
1779261435.901949,1779261435.4414234,203,301.767,460.526,car_A
1779261436.0729115,1779261435.6380022,205,249.244,434.909,car_A
1779261436.3078587,1779261435.8383093,207,246.886,469.549,car_A
1779261436.4738932,1779261436.0375366,209,246.886,436.357,car_A
1779261436.6309109,1779261436.2385206,211,298.117,392.390,car_A
1779261436.7758603,1779261436.4462135,213,300.324,329.647,car_A
1779261436.9307883,1779261436.5445714,214,304.018,386.217,car_A
1779261437.0799193,1779261436.7426207,216,253.582,337.299,car_A
1779261437.226711,1779261436.8735006,217,252.117,353.210,car_A
1779261437.337927,1779261437.0681689,219,213.717,269.758,car_A
1779261437.5080345,1779261437.164861,220,261.865,343.174,car_A
1779261437.6078043,1779261437.2639277,221,211.185,343.877,car_A
1779261437.7536178,1779261437.36472,222,211.185,388.898,car_A
1779261437.8797162,1779261437.5668552,224,199.466,312.861,car_A
1779261438.0328417,1779261437.6679518,225,199.466,364.890,car_A
1779261438.171604,1779261437.767089,226,251.610,404.515,car_A
1779261438.4166822,1779261437.9663904,228,250.856,450.292,car_A
1779261438.4657948,1779261438.066209,229,199.833,399.586,car_A
1779261438.6295516,1779261438.1647062,230,199.833,464.845,car_A
1779261438.8306332,1779261438.3714309,232,251.279,459.202,car_A
1779261439.0204906,1779261438.4734845,233,251.279,547.006,car_A
1779261439.176582,1779261438.5742502,234,251.279,602.332,car_A
1779261439.356751,1779261438.7763734,236,254.092,580.378,car_A
1779261439.5126595,1779261438.9746673,238,305.899,537.992,car_A
1779261439.651467,1779261439.172742,240,301.685,478.725,car_A
1779261439.8874304,1779261439.3681557,242,352.255,519.275,car_A
1779261440.0275078,1779261439.4690204,243,352.255,558.487,car_A
1779261440.2744923,1779261439.686193,245,310.140,588.299,car_A
1779261440.4953551,1779261439.7867677,246,310.140,708.587,car_A
1779261440.6793737,1779261439.994247,248,307.079,685.127,car_A
1779261440.903503,1779261440.1856515,250,313.110,717.851,car_A
1779261441.1033936,1779261440.403758,252,358.382,699.636,car_A
1779261441.306483,1779261440.635218,254,358.845,671.265,car_A
1779261441.4983976,1779261440.8717484,256,424.289,626.649,car_A
1779261441.711242,1779261441.0666866,258,438.814,644.555,car_A
1779261441.8892858,1779261441.2047598,259,440.584,684.526,car_A
1779261442.097281,1779261441.4384117,261,400.563,658.869,car_A
1779261442.2702932,1779261441.6636877,263,401.670,606.606,car_A
1779261442.4791913,1779261441.8993416,265,396.033,579.850,car_A
1779261442.6652732,1779261441.9889555,266,416.392,676.318,car_A
1779261443.004235,1779261442.1857774,268,392.164,818.458,car_A
1779261443.0580027,1779261442.4356813,270,373.748,622.321,car_A
1779261443.365142,1779261442.664071,272,386.075,701.071,car_A
1779261443.5539434,1779261442.752636,273,382.432,801.307,car_A
1779261443.7971766,1779261443.0807264,276,381.916,716.450,car_A
1779261444.0402102,1779261443.3253195,278,374.341,714.891,car_A
1779261444.269004,1779261443.5255342,280,374.341,743.470,car_A
1779261444.4508574,1779261443.7224934,282,430.797,728.364,car_A
1779261444.6528263,1779261444.016866,285,423.056,635.960,car_A
1779261444.8868308,1779261444.126327,286,423.056,760.504,car_A
1779261445.047908,1779261444.429535,289,400.569,618.373,car_A
1779261445.2938538,1779261444.6285417,291,452.071,665.312,car_A
1779261445.4608219,1779261444.822172,293,353.021,638.650,car_A
1779261445.6788917,1779261445.0223048,295,353.021,656.587,car_A
1779261445.849726,1779261445.2265866,297,345.638,623.139,car_A
1779261446.0606256,1779261445.4214103,299,345.638,639.215,car_A
1779261446.2466333,1779261445.6254377,301,353.592,621.196,car_A
1779261446.4467463,1779261445.826372,303,353.592,620.374,car_A
1779261446.63466,1779261446.025477,305,349.638,609.183,car_A
1779261446.8205893,1779261446.2256808,307,353.712,594.908,car_A
1779261447.0136774,1779261446.4293308,309,349.803,584.347,car_A
1779261447.214761,1779261446.6324072,311,351.923,582.354,car_A
1779261447.4008563,1779261446.8247561,313,351.781,576.100,car_A
1779261447.5965605,1779261447.0270934,315,350.739,569.467,car_A
1779261447.771504,1779261447.1337533,316,350.739,637.751,car_A
1779261447.961667,1779261447.3390598,318,352.277,622.607,car_A
1779261448.1515043,1779261447.5330412,320,353.392,618.463,car_A
1779261448.3319159,1779261447.7319212,322,354.212,599.995,car_A
1779261448.5246193,1779261447.9342306,324,352.485,590.389,car_A
1779261448.7065787,1779261448.1341066,326,400.305,572.472,car_A
1779261448.892347,1779261448.3338706,328,349.032,558.476,car_A
1779261449.0853245,1779261448.4466832,329,349.032,638.641,car_A
1779261449.270519,1779261448.644534,331,357.453,625.985,car_A
1779261449.4684985,1779261448.8391654,333,355.220,629.333,car_A
1779261449.632354,1779261449.0402398,335,352.598,592.114,car_A
1779261449.8954916,1779261449.2451239,337,353.252,650.368,car_A
1779261450.1612294,1779261449.4402208,339,350.699,721.009,car_A
1779261450.4442375,1779261449.641869,341,349.661,802.368,car_A
1779261450.601246,1779261449.8398278,343,348.320,761.418,car_A
1779261450.8521404,1779261450.040019,345,348.320,812.121,car_A
1779261451.0852091,1779261450.2732892,347,397.519,811.920,car_A
1779261451.2950275,1779261450.567606,350,416.604,727.422,car_A
1779261451.537309,1779261450.7650468,352,462.944,772.262,car_A
1779261451.6889884,1779261450.9650178,354,462.677,723.971,car_A
1779261451.9100287,1779261451.2647085,357,462.569,645.320,car_A
1779261452.064347,1779261451.4671109,359,495.775,597.236,car_A
1779261452.3031096,1779261451.6675425,361,449.814,635.567,car_A
1779261452.4480135,1779261451.8693855,363,407.958,578.628,car_A
1779261452.6558795,1779261452.0736196,365,359.024,582.260,car_A
1779261452.8188958,1779261452.272282,367,354.745,546.614,car_A
1779261452.9718997,1779261452.4734569,369,351.938,498.443,car_A
1779261453.1929314,1779261452.5792563,370,351.938,613.675,car_A
1779261453.3568072,1779261452.7772245,372,355.000,579.583,car_A
1779261453.548847,1779261452.920822,373,351.882,628.025,car_A
1779261453.73902,1779261453.1141355,375,324.337,624.885,car_A
1779261453.9069371,1779261453.3187466,377,320.404,588.191,car_A
1779261454.1108665,1779261453.52306,379,369.814,587.806,car_A
1779261454.2517998,1779261453.7147634,381,372.983,537.036,car_A
1779261454.4527545,1779261453.813807,382,397.038,638.947,car_A
1779261454.6116972,1779261454.0206912,384,349.899,591.006,car_A
1779261454.7939625,1779261454.218434,386,351.035,575.528,car_A
1779261454.9816527,1779261454.4207795,388,302.740,560.873,car_A
1779261455.1687427,1779261454.6208043,390,355.926,547.938,car_A
1779261455.324805,1779261454.7251306,391,355.926,599.674,car_A
1779261455.5066836,1779261454.9163382,393,352.286,590.345,car_A
1779261455.6796718,1779261455.1178815,395,349.015,561.790,car_A
1779261455.842674,1779261455.3228364,397,348.620,519.838,car_A
1779261456.0366201,1779261455.533198,399,349.144,503.422,car_A
1779261456.2046523,1779261455.6244283,400,349.144,580.224,car_A
1779261456.3824608,1779261455.8333566,402,354.114,549.104,car_A
1779261456.5635219,1779261456.0290189,404,301.818,534.503,car_A
1779261456.7155242,1779261456.2270124,406,298.537,488.512,car_A
1779261456.8985965,1779261456.325427,407,298.537,573.169,car_A
1779261457.0665977,1779261456.5282736,409,350.565,538.324,car_A
1779261457.2543862,1779261456.7400856,411,304.071,514.301,car_A
1779261457.4037015,1779261456.831626,412,304.071,572.076,car_A
1779261457.5554385,1779261457.0307195,414,302.373,524.719,car_A
1779261457.726601,1779261457.2310634,416,306.661,495.538,car_A
1779261457.886309,1779261457.3334723,417,306.661,552.837,car_A
1779261458.0262818,1779261457.5321078,419,296.757,494.174,car_A
1779261458.1984892,1779261457.7342787,421,301.584,464.211,car_A
1779261458.355733,1779261457.8306105,422,301.584,525.122,car_A
1779261458.5045338,1779261458.0303414,424,299.845,474.192,car_A
1779261458.6405303,1779261458.2315838,426,300.682,408.947,car_A
1779261458.78325,1779261458.3317478,427,300.682,451.502,car_A
1779261458.9123948,1779261458.531497,429,300.711,380.898,car_A
1779261459.0432942,1779261458.6373298,430,300.711,405.964,car_A
1779261459.1782403,1779261458.7322123,431,303.555,446.028,car_A
1779261459.3823187,1779261458.973521,433,250.377,408.798,car_A
1779261459.517206,1779261459.0682957,434,320.951,448.910,car_A
1779261459.6355524,1779261459.1922803,435,268.466,443.272,car_A
1779261459.707219,1779261459.3835785,437,280.988,323.640,car_A
1779261459.8912401,1779261459.487066,438,280.988,404.174,car_A
1779261460.0382645,1779261459.599742,439,256.843,438.523,car_A
1779261460.193965,1779261459.791729,441,265.789,402.236,car_A
1779261460.3332047,1779261459.9928567,443,204.147,340.348,car_A
1779261460.5892284,1779261460.0938551,444,252.962,495.373,car_A
1779261460.6960375,1779261460.19273,445,252.962,503.308,car_A
1779261460.9270897,1779261460.3379946,446,296.572,589.095,car_A
1779261461.091888,1779261460.556319,448,219.066,535.569,car_A
1779261461.3279335,1779261460.67,449,219.066,657.933,car_A
1779261461.5179195,1779261460.902365,451,288.138,615.555,car_A
1779261461.6999984,1779261461.091206,453,354.880,608.792,car_A
1779261461.8979785,1779261461.2963839,455,318.937,601.595,car_A
1779261462.0839255,1779261461.3951967,456,318.937,688.729,car_A
1779261462.2769575,1779261461.7154899,459,355.487,561.468,car_A
1779261462.4729183,1779261461.8146238,460,355.487,658.294,car_A
1779261462.6169744,1779261462.0540907,462,361.774,562.884,car_A
1779261462.814976,1779261462.2512245,464,378.915,563.751,car_A
1779261463.0069427,1779261462.445982,466,317.500,560.961,car_A
1779261463.1617308,1779261462.5439224,467,317.500,617.808,car_A
1779261463.3768005,1779261462.7524137,469,364.712,624.387,car_A
1779261463.5227854,1779261462.9591665,471,349.227,563.619,car_A
1779261463.694719,1779261463.1553211,473,354.042,539.398,car_A
1779261463.889709,1779261463.3544993,475,356.405,535.210,car_A
1779261464.0516646,1779261463.4538128,476,356.405,597.852,car_A
1779261464.255889,1779261463.6531055,478,350.781,602.783,car_A
1779261464.415599,1779261463.8575268,480,347.035,558.072,car_A
1779261464.6626754,1779261463.9560137,481,351.198,706.662,car_A
1779261464.8345788,1779261464.2541752,484,351.399,580.404,car_A
1779261465.0487735,1779261464.3575878,485,351.399,691.186,car_A
1779261465.2894702,1779261464.555639,487,352.311,733.831,car_A
1779261465.531525,1779261464.7567575,489,349.128,774.767,car_A
1779261465.7359307,1779261464.9550877,491,400.434,780.843,car_A
1779261465.9955163,1779261465.2574635,494,398.333,738.053,car_A
1779261466.3844285,1779261465.4545896,496,398.333,929.839,car_A
1779261466.636412,1779261465.6574252,498,449.545,978.987,car_A
1779261467.0133934,1779261465.860233,500,450.398,1153.160,car_A
1779261467.3762596,1779261466.155791,503,452.638,1220.469,car_A
1779261467.6762877,1779261466.4599314,506,449.228,1216.356,car_A
1779261468.0062692,1779261466.7595668,509,502.735,1246.702,car_A
1779261468.3418834,1779261467.1539197,513,551.136,1187.964,car_A
1779261468.6191707,1779261467.4984312,516,646.911,1120.739,car_A
1779261468.9926357,1779261467.8446813,519,671.385,1147.954,car_A
1779261469.2870276,1779261468.1582546,522,692.442,1128.773,car_A
1779261469.6170375,1779261468.4482126,525,699.412,1168.825,car_A
1779261469.8980858,1779261468.7507033,528,647.219,1147.382,car_A
1779261470.2449589,1779261469.0783982,531,626.201,1166.561,car_A
1779261470.511022,1779261469.379159,534,616.919,1131.863,car_A
1779261470.867004,1779261469.6864612,537,610.521,1180.543,car_A
1779261471.118954,1779261470.0987885,541,619.231,1020.165,car_A
1779261471.3729725,1779261470.3923464,544,619.231,980.626,car_A
1779261471.7418659,1779261470.5963078,546,657.042,1145.558,car_A
1779261471.9999678,1779261470.998629,550,608.638,1001.339,car_A
1779261472.2539425,1779261471.1931965,552,656.155,1060.746,car_A
1779261472.529618,1779261471.5940125,556,549.872,935.606,car_A
1779261472.9767256,1779261471.8965435,559,549.872,1080.182,car_A
1779261473.3295786,1779261472.0880396,561,650.185,1241.539,car_A
1779261473.6565554,1779261472.3921344,564,544.772,1264.421,car_A
1779261473.9914029,1779261472.693936,567,599.533,1297.467,car_A
1779261474.2564585,1779261473.0896213,571,550.027,1166.837,car_A
1779261474.5425293,1779261473.4910405,575,656.992,1051.489,car_A
1779261474.7956288,1779261473.7284586,577,656.992,1067.170,car_A
1779261475.1358712,1779261474.1237588,581,668.225,1012.112,car_A
1779261475.3947573,1779261474.350338,583,714.978,1044.419,car_A
1779261475.6513972,1779261474.6516826,586,630.430,999.715,car_A
1779261475.8975546,1779261474.950213,589,580.389,947.342,car_A
1779261476.154269,1779261475.253204,592,610.943,901.065,car_A
1779261476.4304128,1779261475.5512168,595,564.790,879.196,car_A
1779261476.6783614,1779261475.7531564,597,600.504,925.205,car_A
1779261476.9860697,1779261476.0512347,600,550.804,934.835,car_A
1779261477.2441614,1779261476.2493849,602,550.602,994.776,car_A
1779261477.5361881,1779261476.5648553,605,498.151,971.333,car_A
1779261477.801372,1779261476.8679264,608,505.523,933.446,car_A
1779261478.0519369,1779261477.169659,611,509.950,882.278,car_A
1779261478.3120148,1779261477.368057,613,509.950,943.958,car_A
1779261478.5599148,1779261477.6725018,616,559.402,887.413,car_A
1779261478.8121011,1779261477.874729,618,553.892,937.372,car_A
1779261479.0619247,1779261478.178228,621,503.464,883.697,car_A
1779261479.3140345,1779261478.475763,624,504.351,838.271,car_A
1779261479.573048,1779261478.7771764,627,502.744,795.872,car_A
1779261479.803936,1779261478.9737031,629,502.744,830.233,car_A
1779261480.0459266,1779261479.2787833,632,500.179,767.143,car_A
1779261480.2907016,1779261479.475889,634,500.179,814.813,car_A
1779261480.5226812,1779261479.7770867,637,449.353,745.595,car_A
1779261480.6926498,1779261479.977411,639,450.335,715.239,car_A
1779261480.9231348,1779261480.174442,641,450.335,748.693,car_A
1779261481.0856936,1779261480.3740754,643,447.895,711.618,car_A
1779261481.299756,1779261480.6762218,646,449.157,623.534,car_A
1779261481.462596,1779261480.878008,648,402.815,584.588,car_A
1779261481.6626053,1779261481.0916321,650,402.815,570.973,car_A
1779261481.8108218,1779261481.3001575,652,412.440,510.664,car_A
1779261481.957786,1779261481.402905,653,412.440,554.881,car_A
1779261482.158527,1779261481.6086774,655,363.405,549.850,car_A
1779261482.2865286,1779261481.827133,657,365.419,459.396,car_A
1779261482.4175754,1779261481.9196162,658,367.817,497.959,car_A
1779261482.5564861,1779261482.118895,660,309.797,437.591,car_A
1779261482.6965845,1779261482.3234367,662,358.080,373.148,car_A
1779261482.8224518,1779261482.4210749,663,357.451,401.377,car_A
1779261482.944428,1779261482.5227246,664,297.049,421.703,car_A
1779261483.0696003,1779261482.7190254,666,301.622,350.575,car_A
1779261483.1905098,1779261482.9232247,668,247.048,267.285,car_A
1779261483.3134108,1779261483.022622,669,251.148,290.789,car_A
1779261483.4075835,1779261483.1204267,670,250.017,287.157,car_A
1779261483.5288703,1779261483.2225907,671,250.017,306.280,car_A
1779261483.6305199,1779261483.3183699,672,251.850,312.150,car_A
1779261483.751425,1779261483.5205398,674,198.332,230.885,car_A
1779261483.8313963,1779261483.621319,675,200.132,210.077,car_A
1779261483.9283812,1779261483.7237754,676,199.439,204.606,car_A
1779261484.0304782,1779261483.8278112,677,202.781,202.667,car_A
1779261484.1357336,1779261483.9272172,678,153.705,208.516,car_A
1779261484.2033927,1779261484.0180936,679,153.024,185.299,car_A
1779261484.2962387,1779261484.1207209,680,147.230,175.518,car_A
1779261484.410521,1779261484.2233858,681,146.519,187.135,car_A
1779261484.4684331,1779261484.3180518,682,148.150,150.381,car_A
1779261484.6012766,1779261484.418009,683,150.046,183.268,car_A
1779261484.7053306,1779261484.5228229,684,148.711,182.508,car_A
1779261484.7812386,1779261484.619605,685,149.786,161.633,car_A
1779261484.875418,1779261484.7183926,686,150.844,157.025,car_A
1779261484.9385328,1779261484.8209689,687,150.260,117.564,car_A
1779261485.1314464,1779261484.91916,688,149.143,212.286,car_A
1779261485.1524713,1779261485.0228138,689,149.846,129.658,car_A
1779261485.2602096,1779261485.1223116,690,100.997,137.898,car_A
1779261485.365642,1779261485.2239385,691,100.997,141.704,car_A
1779261485.5182233,1779261485.3238084,692,100.634,194.415,car_A
1779261485.5982234,1779261485.4191191,693,100.634,179.104,car_A
1779261485.6870902,1779261485.5259464,694,148.479,161.144,car_A
1779261485.792292,1779261485.6264668,695,151.072,165.825,car_A
1779261485.9014735,1779261485.7244453,696,151.397,177.028,car_A
1779261485.9631407,1779261485.8256645,697,152.731,137.476,car_A
1779261486.057157,1779261485.924719,698,149.927,132.438,car_A
1779261486.285145,1779261486.0255835,699,149.198,259.562,car_A
1779261486.3378754,1779261486.1228418,700,150.642,215.034,car_A
1779261486.416106,1779261486.224782,701,99.135,191.324,car_A
1779261486.545953,1779261486.322993,702,99.135,222.960,car_A
1779261486.6302774,1779261486.4214325,703,99.135,208.845,car_A
1779261993.9998157,1779261993.3911293,166,,608.686,car_A
1779261994.3058405,1779261993.887428,171,,418.412,car_A
1779261994.5844858,1779261994.0927162,173,,491.770,car_A
1779261994.8204134,1779261994.3880417,176,350.902,432.372,car_A
1779261995.045355,1779261994.6937127,179,250.368,351.642,car_A
1779261995.2638018,1779261994.8906703,181,300.566,373.132,car_A
1779261995.8766217,1779261995.0938783,183,301.553,782.743,car_A
1779261996.051214,1779261995.3031487,185,250.362,748.065,car_A
1779261996.2022884,1779261995.3887987,186,250.362,813.490,car_A
1779261996.352187,1779261995.989018,192,249.128,363.169,car_A
1779261996.5756412,1779261996.1919296,194,447.639,383.712,car_A
1779261996.7642531,1779261996.3915792,196,452.473,372.674,car_A
1779261996.9871178,1779261996.4955788,197,452.473,491.539,car_A
1779261997.1570792,1779261996.6938138,199,253.344,463.265,car_A
1779261997.3530426,1779261996.890178,201,251.007,462.865,car_A
1779261997.5395217,1779261997.0926397,203,249.361,446.882,car_A
1779261997.6993244,1779261997.2958755,205,298.595,403.449,car_A
1779261997.8810434,1779261997.4929204,207,301.095,388.123,car_A
1779261998.047334,1779261997.6941984,209,301.438,353.136,car_A
1779261998.1971786,1779261997.830199,210,300.846,366.980,car_A
1779261998.376033,1779261997.996341,212,267.248,379.692,car_A
1779261998.5449984,1779261998.1976743,214,251.774,347.324,car_A
1779261998.7790177,1779261998.2975636,215,251.807,481.454,car_A
1779261998.981891,1779261998.6302254,218,249.312,351.665,car_A
1779261999.1929555,1779261998.7295105,219,216.338,463.445,car_A
1779261999.4278316,1779261998.8960288,221,216.338,531.803,car_A
1779261999.6197956,1779261999.0939696,223,299.297,525.826,car_A
1779261999.8379145,1779261999.314044,225,231.937,523.870,car_A
1779262000.0147965,1779261999.495974,227,292.332,518.822,car_A
1779262000.227848,1779261999.6978424,229,361.846,530.006,car_A
1779262000.4088075,1779261999.8990557,231,301.999,509.752,car_A
1779262000.5897079,1779262000.0992362,233,341.394,490.472,car_A
1779262000.7987916,1779262000.2971823,235,301.691,501.609,car_A
1779262000.9657972,1779262000.5012803,237,299.733,464.517,car_A
1779262001.1497092,1779262000.6994631,239,301.177,450.246,car_A
1779262001.3696275,1779262000.8980534,241,300.179,471.574,car_A
1779262001.5535421,1779262001.0989883,243,300.504,454.554,car_A
1779262001.7497756,1779262001.3018575,245,298.919,447.918,car_A
1779262001.9235444,1779262001.5319557,247,301.264,391.589,car_A
1779262002.1354287,1779262001.704139,249,317.023,431.290,car_A
1779262002.3254323,1779262001.9007545,251,302.643,424.678,car_A
1779262002.5525749,1779262001.9978695,252,299.512,554.705,car_A
1779262002.7464669,1779262002.20471,254,233.029,541.757,car_A
1779262002.9996736,1779262002.4029021,256,299.158,596.771,car_A
1779262003.2545457,1779262002.700548,259,251.138,553.998,car_A
1779262003.5065567,1779262002.8011475,260,351.403,705.409,car_A
1779262003.8503895,1779262003.0968196,263,346.928,753.570,car_A
1779262003.965452,1779262003.3136766,265,347.024,651.775,car_A
1779262004.2862651,1779262003.6037285,268,349.458,682.537,car_A
1779262004.560277,1779262003.8342109,270,401.356,726.066,car_A
1779262004.8462627,1779262004.004012,272,401.356,842.251,car_A
1779262005.0992672,1779262004.4009297,276,393.907,698.338,car_A
1779262005.3694806,1779262004.7360017,279,398.663,633.479,car_A
1779262005.637259,1779262004.900994,281,450.959,736.265,car_A
1779262005.89612,1779262005.2169492,284,505.108,679.171,car_A
1779262006.1560469,1779262005.5010087,287,408.072,655.038,car_A
1779262006.4112387,1779262005.7027156,289,382.569,708.523,car_A
1779262006.6879668,1779262006.0006032,292,452.041,687.364,car_A
1779262007.0539765,1779262006.20113,294,391.894,852.847,car_A
1779262007.333995,1779262006.5173872,297,401.274,816.608,car_A
1779262007.6419437,1779262006.8055224,300,407.398,836.421,car_A
1779262007.9360714,1779262007.1029932,303,402.542,833.078,car_A
1779262008.20732,1779262007.4049878,306,503.215,802.332,car_A
1779262008.4729319,1779262007.704301,309,443.868,768.631,car_A
1779262008.7349913,1779262008.0076613,312,503.108,727.330,car_A
1779262008.989763,1779262008.3043833,315,452.394,685.380,car_A
1779262009.251666,1779262008.5028238,317,449.761,748.842,car_A
1779262009.5087347,1779262008.8078396,320,449.463,700.895,car_A
1779262009.7628963,1779262009.1092327,323,400.153,653.664,car_A
1779262010.0186975,1779262009.3197272,325,402.491,698.970,car_A
1779262010.266689,1779262009.610327,328,408.517,656.362,car_A
1779262010.5217664,1779262009.8210452,330,401.306,700.721,car_A
1779262010.7856085,1779262010.1087136,333,397.286,676.895,car_A
1779262011.0306027,1779262010.4062905,336,394.562,624.312,car_A
1779262011.2504988,1779262010.6078763,338,398.050,642.622,car_A
1779262011.5666065,1779262010.8092735,340,393.482,757.333,car_A
1779262011.930805,1779262011.110412,343,400.278,820.393,car_A
1779262012.205476,1779262011.4094417,346,352.122,796.034,car_A
1779262012.5192838,1779262011.6063728,348,400.847,912.911,car_A
1779262012.8405466,1779262012.0108418,352,449.364,829.705,car_A
1779262013.0922508,1779262012.3076606,355,450.279,784.590,car_A
1779262013.3562424,1779262012.6099954,358,449.176,746.247,car_A
1779262013.6171927,1779262012.9134464,361,501.872,703.746,car_A
1779262013.8743382,1779262013.2084875,364,451.366,665.851,car_A
1779262014.1334095,1779262013.433816,366,450.479,699.594,car_A
1779262014.3911078,1779262013.712529,369,411.978,678.579,car_A
1779262014.652011,1779262013.9337444,371,399.606,718.266,car_A
1779262014.898121,1779262014.2128522,374,399.500,685.269,car_A
1779262015.159145,1779262014.5204754,377,389.582,638.670,car_A
1779262015.405511,1779262014.741503,379,404.042,664.008,car_A
1779262015.6949887,1779262015.0174599,382,403.945,677.529,car_A
1779262016.04007,1779262015.235854,384,402.378,804.216,car_A
1779262016.3309517,1779262015.5123265,387,357.752,818.625,car_A
1779262016.6329284,1779262015.8469293,390,385.475,785.999,car_A
1779262016.926968,1779262016.113063,393,414.823,813.905,car_A
1779262017.1740506,1779262016.411414,396,438.669,762.637,car_A
1779262017.456858,1779262016.714277,399,449.608,742.581,car_A
1779262017.7186964,1779262017.0162067,402,433.737,702.490,car_A
1779262017.9778264,1779262017.324343,405,451.637,653.483,car_A
1779262018.237786,1779262017.520872,407,456.533,716.914,car_A
1779262018.4915605,1779262017.849736,410,449.641,641.824,car_A
1779262018.753625,1779262018.0478625,412,416.835,705.762,car_A
1779262019.0046666,1779262018.320487,415,361.827,684.180,car_A
1779262019.2346702,1779262018.5421717,417,399.873,692.498,car_A
1779262019.4737062,1779262018.8175411,420,383.697,656.165,car_A
1779262019.7294896,1779262019.1172724,423,435.036,612.217,car_A
1779262019.9884903,1779262019.3436682,425,398.457,644.822,car_A
1779262020.239648,1779262019.6245227,428,400.810,615.125,car_A
1779262020.4864194,1779262019.8461905,430,403.563,640.229,car_A
1779262020.7415705,1779262020.121926,433,364.523,619.644,car_A
1779262021.0085034,1779262020.359345,435,389.198,649.158,car_A
1779262021.2664886,1779262020.5415678,437,367.470,724.921,car_A
1779262021.5067337,1779262020.8279316,440,395.099,678.802,car_A
1779262021.7453244,1779262021.1244771,443,353.068,620.847,car_A
1779262021.999295,1779262021.3224592,445,382.630,676.836,car_A
1779262022.239464,1779262021.6269977,448,442.253,612.466,car_A
1779262022.4463117,1779262021.824329,450,399.601,621.983,car_A
1779262022.6491718,1779262022.0544953,452,350.005,594.676,car_A
1779262022.9132621,1779262022.3250177,455,416.177,588.244,car_A
1779262023.1311715,1779262022.5286787,457,349.080,602.493,car_A
1779262023.334325,1779262022.7284915,459,352.236,605.834,car_A
1779262023.5912466,1779262023.0247908,462,337.059,566.456,car_A
1779262023.7623913,1779262023.2438934,464,349.954,518.498,car_A
1779262023.963005,1779262023.4286304,466,357.669,534.375,car_A
1779262024.1771915,1779262023.727981,469,350.139,449.210,car_A
1779262024.347047,1779262023.8326693,470,351.659,514.378,car_A
1779262024.5789702,1779262024.0289056,472,345.273,550.065,car_A
1779262024.7279088,1779262024.324436,475,349.789,403.473,car_A
1779262024.9109821,1779262024.571166,477,297.833,339.816,car_A
1779262025.0690587,1779262024.732424,479,297.833,336.635,car_A
1779262025.2669702,1779262024.8338041,480,351.823,433.166,car_A
1779262025.418002,1779262025.034347,482,254.767,383.655,car_A
1779262025.5558443,1779262025.2674785,484,203.334,288.366,car_A
1779262025.7060816,1779262025.4608996,486,203.334,245.182,car_A
1779262026.056756,1779262025.5566611,487,313.616,500.095,car_A
1779262026.1649313,1779262025.6856236,488,261.229,479.308,car_A
1779262026.4168184,1779262025.7495198,489,209.141,667.299,car_A
1779262026.669824,1779262026.0523818,492,208.421,617.442,car_A
1779262952.02774,1779262947.420888,370,,4606.852,car_A
1779262954.0768995,1779262950.9332442,405,,3143.655,car_A
1779262955.1518478,1779262953.335634,429,2555.869,1816.214,car_A
1779262956.794732,1779262954.5341983,441,,2260.534,car_A
1779262957.026868,1779262955.6353815,452,,1391.487,car_A
1779262957.9366782,1779262956.3341286,459,1199.672,1602.550,car_A
1779262958.9936965,1779262957.2542243,468,,1739.472,car_A
1779262960.2975008,1779262957.3468711,469,1360.084,2950.630,car_A
1779262962.0201123,1779262957.9506192,475,904.110,4069.493,car_A
1779262963.0088172,1779262958.7522264,483,,4256.591,car_A
1779262964.1816895,1779262961.2391522,508,,2942.537,car_A
1779262965.141717,1779262962.3544605,519,2147.390,2787.256,car_A
1779262966.4756086,1779262963.2411401,528,2401.519,3234.468,car_A
1779262968.0834322,1779262964.5440786,541,,3539.354,car_A
1779262970.2940853,1779262965.2461102,548,1701.723,5047.975,car_A
1779262971.6480181,1779262966.3460245,559,1645.976,5301.994,car_A
1779262973.0567698,1779262968.0484736,576,2102.973,5008.296,car_A
1779262975.5037918,1779262970.1529667,597,2359.047,5350.825,car_A
1779262977.388529,1779262971.4530516,610,2808.378,5935.477,car_A
1779262979.6930935,1779262972.7701015,623,3055.119,6922.992,car_A
1779262979.9581954,1779262974.9637387,645,3006.570,4994.457,car_A
1779262982.783629,1779262976.4597056,660,2860.739,6323.923,car_A
1779262983.7097094,1779262979.3593462,689,3702.967,4350.363,car_A
1779262984.9393833,1779262981.5633597,711,,3376.024,car_A
1779262985.9724398,1779262982.3635082,719,3499.452,3608.932,car_A
1779262987.6532364,1779262983.680192,732,3347.377,3973.044,car_A
1779262988.9558806,1779262984.8690844,744,,4086.796,car_A
1779262990.4649692,1779262985.970309,755,,4494.660,car_A
1779262992.0725622,1779262987.5843234,771,,4488.239,car_A
1779262994.9483087,1779262989.0676088,786,,5880.700,car_A
1779262995.3821115,1779262990.7724855,803,2606.630,4609.626,car_A
1779262995.653453,1779262994.6745257,842,,978.927,car_A
1779262995.9412727,1779262995.0722446,846,,869.028,car_A
1779262997.6512322,1779262995.276283,848,3744.025,2374.949,car_A
1779262997.7615583,1779262995.578764,851,3744.025,2182.794,car_A
1779262997.7844322,1779262995.7791312,853,3255.650,2005.301,car_A
1779262997.808095,1779262995.9763734,855,3255.650,1831.722,car_A
1779262997.8271718,1779262996.076664,856,2602.016,1750.508,car_A
1779262997.9130075,1779262996.2770104,858,2602.016,1635.997,car_A
1779262999.436132,1779262996.4744496,860,2602.016,2961.682,car_A
1779262999.454157,1779262996.5770864,861,2602.016,2877.071,car_A
1779262999.4733062,1779262996.7785563,863,2602.016,2694.750,car_A
1779262999.6210368,1779262998.4659815,880,1604.473,1155.055,car_A
1779263000.4508154,1779262998.6857843,882,1604.473,1765.031,car_A
1779263000.4742556,1779262998.783872,883,1604.473,1690.384,car_A
1779263000.9406781,1779262998.8875256,884,1604.473,2053.153,car_A
1779263002.8585029,1779262998.9881668,885,1604.473,3870.336,car_A
1779263003.667591,1779262999.3669333,889,,4300.658,car_A
1779263004.3523598,1779262999.8906379,894,1545.038,4461.722,car_A
1779263004.9403555,1779262999.9916441,895,1708.164,4948.711,car_A
1779263006.026182,1779263000.087459,896,1707.345,5938.723,car_A
1779263007.1539404,1779263000.3844757,899,913.876,6769.465,car_A
1779263008.4205606,1779263001.579948,911,,6840.613,car_A
1779263008.765996,1779263001.67956,912,,7086.436,car_A
1779263009.4627914,1779263002.7869906,923,,6675.801,car_A
1779263010.3416603,1779263003.789855,933,2099.993,6551.805,car_A
1779263010.9287682,1779263004.4889166,940,2550.629,6439.852,car_A
1779263011.4464543,1779263005.0924535,946,2710.604,6354.001,car_A
1779263011.904306,1779263006.9961324,965,,4908.174,car_A
1779263012.2225227,1779263007.9940135,975,3502.310,4228.509,car_A
1779263012.7584505,1779263008.6901534,982,4053.339,4068.297,car_A
1779263013.3041108,1779263009.3819616,989,4152.901,3922.149,car_A
1779263013.7531538,1779263010.0906076,996,3901.069,3662.546,car_A
1779263014.0549786,1779263010.700165,1002,4205.587,3354.814,car_A
1779263014.2972145,1779263011.4109533,1009,3756.037,2886.261,car_A
1779263014.5896015,1779263011.9034011,1014,3756.037,2686.200,car_A
1779263014.7961922,1779263012.39586,1019,3551.855,2400.332,car_A
1779263015.021833,1779263013.2950523,1028,2950.014,1726.781,car_A
1779263015.3872252,1779263013.7936587,1033,2805.577,1593.566,car_A
1779263015.63404,1779263014.0984082,1036,2604.658,1535.632,car_A
1779263016.7330873,1779263014.3984642,1039,2358.288,2334.623,car_A
1779263017.2317274,1779263014.7022197,1042,2153.994,2529.508,car_A
1779263017.6597931,1779263015.0043762,1045,1744.802,2655.417,car_A
1779263018.004596,1779263015.5086539,1050,1749.450,2495.942,car_A
1779263021.4677596,1779263016.7099319,1062,2002.633,4757.828,car_A
1779263021.4882834,1779263016.7975624,1063,2002.633,4690.721,car_A
1779263021.5112348,1779263017.4981215,1070,1751.316,4013.113,car_A
1779263021.5337183,1779263017.701341,1072,1852.294,3832.377,car_A
1779263021.5527406,1779263018.0082562,1075,1852.294,3544.484,car_A
1779263021.575577,1779263018.3010135,1078,1955.020,3274.564,car_A
1779263023.7902672,1779263018.6046503,1081,1955.020,5185.617,car_A
1779263023.8124728,1779263018.899321,1084,2103.157,4913.152,car_A
1779263023.8338077,1779263019.3027635,1088,2201.703,4531.044,car_A
1779263024.620013,1779263019.605572,1091,2201.703,5014.441,car_A
1779263024.6403832,1779263021.4062073,1109,,3234.176,car_A
1779263024.6595721,1779263023.404195,1129,,1255.377,car_A
1779263024.6801462,1779263023.6067996,1131,,1073.347,car_A
1779263025.3488374,1779263023.7048213,1132,2652.973,1644.016,car_A
1779263029.2925982,1779263023.8070114,1133,2652.973,5485.587,car_A
1779263029.3145971,1779263023.9082136,1134,2652.973,5406.384,car_A
1779263029.3355017,1779263024.0113213,1135,2652.973,5324.180,car_A
1779263030.1362062,1779263024.1067643,1136,2652.973,6029.442,car_A
1779263030.7231593,1779263025.0044513,1145,,5718.708,car_A
1779263032.1362245,1779263025.109284,1146,,7026.941,car_A
1779263065.1062694,1779263058.7581217,12,,6348.148,car_A
1779263066.0575123,1779263062.970958,33,,3086.554,car_A
1779263066.5559506,1779263065.7792916,47,3307.343,776.659,car_A
1779263067.1139739,1779263066.3733273,50,,740.647,car_A
1779263067.4871302,1779263066.7810311,52,1701.247,706.099,car_A
1779263067.837035,1779263067.1722424,54,599.780,664.793,car_A
1779263068.1457298,1779263067.5725894,56,508.630,573.140,car_A
1779263068.4428866,1779263067.7984962,57,508.630,644.390,car_A
1779263068.7207057,1779263068.1888158,59,508.800,531.890,car_A
1779263068.9368129,1779263068.3794663,60,508.356,557.347,car_A
1779263069.1637247,1779263068.7879143,62,403.525,375.810,car_A
1779263069.366811,1779263068.9825816,63,494.782,384.229,car_A
1779263069.5248926,1779263069.170357,64,396.955,354.536,car_A
1779263069.7036672,1779263069.3727837,65,395.512,330.884,car_A
1779263069.8536391,1779263069.568258,66,395.512,285.381,car_A
1779263070.0180984,1779263069.7782016,67,390.238,239.897,car_A
1779263070.1836107,1779263069.9915483,68,303.996,192.062,car_A
1779263070.5390558,1779263070.1776805,69,309.448,361.375,car_A
1779263070.5578933,1779263070.3790607,70,304.777,178.833,car_A
1779263070.8226173,1779263070.5832963,71,300.497,239.321,car_A
1779263071.390717,1779263070.7819607,72,295.942,608.756,car_A
1779263071.4138181,1779263070.9824228,73,302.211,431.395,car_A
1779263077.199268,1779263075.3879647,95,,1811.303,car_A
1779263078.619545,1779263076.7855227,102,,1834.022,car_A
1779263079.7616313,1779263078.193836,109,1096.901,1567.795,car_A
1779263080.6103659,1779263079.397761,115,1105.711,1212.605,car_A
1779263081.2153633,1779263080.197476,119,,1017.887,car_A
1779263081.7565384,1779263080.9925714,123,1001.888,763.967,car_A
1779263082.08623,1779263081.3933084,125,797.474,692.922,car_A
1779263082.4123616,1779263081.7946055,127,695.950,617.756,car_A
1779263082.855094,1779263082.1929011,129,499.781,662.193,car_A
1779263083.1492457,1779263082.5952048,131,499.923,554.041,car_A
1779263083.265249,1779263082.792383,132,499.923,472.866,car_A
1779263083.5381913,1779263082.9938369,133,498.961,544.354,car_A
1779263083.7879205,1779263083.1967716,134,498.961,591.149,car_A
1779263084.0109856,1779263083.5827703,136,402.912,428.215,car_A
1779263084.1159875,1779263083.794433,137,395.259,321.554,car_A
1779263084.3549418,1779263083.9961028,138,400.366,358.839,car_A
1779263084.52199,1779263084.1928298,139,400.366,329.160,car_A
1779263084.6828892,1779263084.4065955,140,498.096,276.294,car_A
1779263084.8869586,1779263084.6104465,141,306.153,276.512,car_A
1779263084.97885,1779263084.7921927,142,307.248,186.657,car_A
1779263085.196028,1779263085.0009432,143,299.748,195.085,car_A
1779263085.5788841,1779263085.2166142,144,297.251,362.270,car_A
1779263085.6054795,1779263085.4019752,145,212.295,203.504,car_A
1779263085.8598466,1779263085.5961103,146,212.295,263.736,car_A
1779263086.085849,1779263085.8003018,147,297.649,285.547,car_A
1779263086.3458126,1779263085.9969952,148,297.649,348.817,car_A
1779263086.4268782,1779263086.1974795,149,297.588,229.399,car_A
1779263086.92806,1779263086.402074,150,300.752,525.986,car_A
1779263086.9660306,1779263086.6064997,151,300.971,359.531,car_A
1779263087.052012,1779263086.8024263,152,304.825,249.586,car_A
1779263087.2897446,1779263087.0025077,153,302.542,287.237,car_A
1779263087.5456362,1779263087.1991138,154,302.542,346.522,car_A
1779263087.818617,1779263087.4318218,155,296.380,386.795,car_A
1779263088.083481,1779263087.6022706,156,314.766,481.210,car_A
1779263088.363556,1779263087.8093169,157,299.953,554.239,car_A
1779263088.4665709,1779263088.007128,158,305.172,459.443,car_A
1779263088.6954098,1779263088.208345,159,305.172,487.065,car_A
1779263088.969485,1779263088.4031708,160,388.338,566.314,car_A
1779263089.2284958,1779263088.6018605,161,400.519,626.635,car_A
1779263089.3274927,1779263088.8019288,162,396.341,525.564,car_A
1779263089.5704613,1779263089.0215764,163,397.472,548.885,car_A
1779263089.82742,1779263089.2030838,164,406.683,624.336,car_A
1779263090.131688,1779263089.4086664,165,400.023,723.022,car_A
1779263090.3812537,1779263089.605594,166,400.023,775.660,car_A
1779263090.678178,1779263089.7968736,167,401.905,881.305,car_A
1779263090.9621568,1779263090.2090127,169,387.717,753.144,car_A
1779263091.2461417,1779263090.4013999,170,503.037,844.742,car_A
1779263091.4544265,1779263090.6042717,171,496.436,850.155,car_A
1779263091.6431437,1779263090.7998524,172,496.436,843.291,car_A
1779263091.9092238,1779263091.0022218,173,597.198,907.002,car_A
1779263092.165261,1779263091.4048274,175,496.183,760.434,car_A
1779263092.437126,1779263091.6001832,176,496.183,836.943,car_A
1779263092.709007,1779263091.8048487,177,599.462,904.158,car_A
1779263093.2409434,1779263092.201248,179,599.863,1039.696,car_A
1779263093.2772818,1779263092.4055948,180,599.585,871.687,car_A
1779263093.5789404,1779263092.8002815,182,500.469,778.659,car_A
1779263094.1438687,1779263093.001025,183,600.116,1142.844,car_A
1779263094.388773,1779263093.209693,184,598.158,1179.080,car_A
1779263094.7718458,1779263093.6046982,186,598.158,1167.148,car_A
1779263095.2476933,1779263093.803324,187,599.625,1444.369,car_A
1779263095.6217144,1779263094.0256855,188,599.625,1596.029,car_A
1779263096.11155,1779263094.4090621,190,612.780,1702.488,car_A
1779263096.4516003,1779263094.8243628,192,704.092,1627.238,car_A
1779263096.8768976,1779263095.2512248,194,700.185,1625.673,car_A
1779263097.261673,1779263095.6050725,196,700.185,1656.600,car_A
1779263097.630574,1779263096.2109165,199,989.995,1419.657,car_A
1779263098.064586,1779263096.406861,200,989.995,1657.725,car_A
1779263098.423643,1779263096.811401,202,998.969,1612.242,car_A
1779263098.7772722,1779263097.2099133,204,993.590,1567.359,car_A
1779263099.232351,1779263097.6097288,206,979.412,1622.622,car_A
1779263099.5665762,1779263098.0061903,208,1002.397,1560.386,car_A
1779263099.9052684,1779263098.4081316,210,897.701,1497.137,car_A
1779263100.3881345,1779263098.8095338,212,1000.718,1578.601,car_A
1779263100.7080543,1779263099.2186759,214,900.077,1489.378,car_A
1779263101.1030877,1779263099.609876,216,900.077,1493.212,car_A
1779263101.4912093,1779263100.0118806,218,910.692,1479.329,car_A
1779263101.8130007,1779263100.4158545,220,904.196,1397.146,car_A
1779263102.129037,1779263100.8055444,222,904.196,1323.493,car_A
1779263102.4250333,1779263101.2212818,224,895.263,1203.752,car_A
1779263102.8190136,1779263101.610774,226,900.015,1208.240,car_A
1779263103.1087842,1779263101.809757,227,900.015,1299.027,car_A
1779263103.3919415,1779263102.2131426,229,899.008,1178.799,car_A
1779263103.5588279,1779263102.610275,231,805.083,948.553,car_A
1779263103.835871,1779263102.8179944,232,805.083,1017.877,car_A
1779263104.1047413,1779263103.2133148,234,798.429,891.427,car_A
1779263104.364861,1779263103.4103534,235,801.341,954.508,car_A
1779263104.9932718,1779263103.8252978,237,800.366,1167.974,car_A
1779263105.0157778,1779263104.0164025,238,607.586,999.375,car_A
1779263105.2316382,1779263104.4168553,240,699.584,814.783,car_A
1779263105.5184941,1779263104.61553,241,601.860,902.964,car_A
1779263105.801611,1779263105.2518303,244,602.659,549.781,car_A
1779263106.0646207,1779263105.4536052,245,617.790,611.016,car_A
1779263106.3464098,1779263105.6177583,246,617.790,728.652,car_A
1779263106.6215105,1779263105.8136063,247,600.522,807.904,car_A
1779263106.8716583,1779263106.0160365,248,599.107,855.622,car_A
1779263107.0925663,1779263106.219434,249,599.107,873.132,car_A
1779263107.2905085,1779263106.419244,250,483.874,871.264,car_A
1779263107.5193126,1779263106.8374228,252,498.811,681.890,car_A
1779263107.7844803,1779263107.0205421,253,498.811,763.938,car_A
1779263108.047314,1779263107.237209,254,603.537,810.105,car_A
1779263108.2441764,1779263107.6195102,256,598.854,624.666,car_A
1779263108.4273982,1779263107.8175242,257,600.203,609.874,car_A
1779263108.6761332,1779263108.0178716,258,490.119,658.262,car_A
1779263108.9172175,1779263108.2181451,259,498.750,699.072,car_A
1779263109.1656556,1779263108.4153652,260,498.750,750.290,car_A
1779263109.4862192,1779263108.6170585,261,589.149,869.161,car_A
1779263109.5923893,1779263108.820021,262,498.847,772.368,car_A
1779263109.9582798,1779263109.2145545,264,505.106,743.725,car_A
1779263110.2883453,1779263109.4194455,265,498.272,868.900,car_A
1779263110.690563,1779263109.8201852,267,502.109,870.378,car_A
1779263111.0330634,1779263110.015467,268,500.156,1017.596,car_A
1779263111.322824,1779263110.218396,269,500.156,1104.428,car_A
1779263111.6167545,1779263110.4157455,270,501.991,1201.009,car_A
1779263111.8989618,1779263111.01375,273,599.084,885.212,car_A
1779263112.184778,1779263111.2179885,274,596.848,966.789,car_A
1779263112.4658303,1779263111.6217513,276,701.517,844.079,car_A
1779263112.7407618,1779263111.822572,277,701.747,918.190,car_A
1779263112.999802,1779263112.2269115,279,802.303,772.891,car_A
1779263113.276612,1779263112.4190528,280,606.735,857.559,car_A
1779263113.56161,1779263112.6592386,281,600.609,902.371,car_A
1779263113.815649,1779263112.8360643,282,600.609,979.585,car_A
1779263113.9738343,1779263113.0197694,283,607.231,954.065,car_A
1779263114.2415185,1779263113.4210606,285,598.672,820.458,car_A
1779263114.501529,1779263113.636187,286,597.148,865.342,car_A
1779263114.7884412,1779263113.8237205,287,608.650,964.721,car_A
1779263115.059457,1779263114.2222166,289,582.312,837.240,car_A
1779263115.348774,1779263114.4209776,290,601.301,927.796,car_A
1779263115.6226614,1779263114.8230655,292,600.727,799.596,car_A
1779263115.884344,1779263115.0222213,293,593.509,862.123,car_A
1779263116.2655344,1779263115.2240462,294,599.327,1041.488,car_A
1779263116.4934123,1779263115.4232788,295,599.327,1070.133,car_A
1779263116.8042345,1779263115.6213517,296,600.602,1182.883,car_A
1779263117.1391346,1779263116.0245311,298,600.255,1114.604,car_A
1779263117.4262304,1779263116.2221384,299,600.804,1204.092,car_A
1779263117.7211788,1779263116.6277885,301,600.030,1093.390,car_A
1779263118.013225,1779263116.8223035,302,701.944,1190.922,car_A
1779263118.2800295,1779263117.2307656,304,699.577,1049.264,car_A
1779263118.584026,1779263117.6278336,306,701.107,956.192,car_A
1779263118.8539019,1779263117.82507,307,701.107,1028.832,car_A
1779263119.127066,1779263118.2267306,309,698.367,900.335,car_A
1779263119.38305,1779263118.4310439,310,698.367,952.006,car_A
1779263119.6649761,1779263118.8269947,312,697.304,837.981,car_A
1779263119.9448192,1779263119.0297172,313,599.670,915.102,car_A
1779263120.211921,1779263119.261509,314,599.670,950.412,car_A
1779263120.4599457,1779263119.6285641,316,601.377,831.382,car_A
1779263120.7391274,1779263119.8294303,317,598.848,909.697,car_A
1779263120.9937527,1779263120.0288737,318,598.848,964.879,car_A
1779263121.1688652,1779263120.2358224,319,601.065,933.043,car_A
1779263121.4187782,1779263120.63349,321,603.134,785.288,car_A
1779263121.6667805,1779263120.829733,322,686.065,837.048,car_A
1779263121.9466295,1779263121.033097,323,600.659,913.532,car_A
1779263122.2287846,1779263121.4338133,325,605.680,794.971,car_A
1779263122.5017793,1779263121.6291878,326,599.068,872.591,car_A
1779263122.7636812,1779263121.8284898,327,599.068,935.191,car_A
1779263123.033876,1779263122.2326865,329,614.899,801.189,car_A
1779263123.310464,1779263122.4345655,330,599.866,875.898,car_A
1779263123.556697,1779263122.6295402,331,599.866,927.157,car_A
1779263123.9260576,1779263122.826058,332,597.959,1100.000,car_A
1779263124.1724508,1779263123.232813,334,603.032,939.638,car_A
1779263124.4784367,1779263123.4321249,335,603.032,1046.312,car_A
1779263124.768408,1779263123.6302738,336,599.790,1138.134,car_A
1779263125.0713677,1779263124.2318234,339,601.210,839.544,car_A
1779263125.3595839,1779263124.433018,340,702.953,926.566,car_A
1779263125.6532137,1779263124.6343296,341,600.177,1018.884,car_A
1779263125.9352524,1779263124.8335178,342,600.177,1101.735,car_A
1779263126.2062175,1779263125.2311018,344,701.790,975.116,car_A
1779263126.4891129,1779263125.464163,345,701.790,1024.950,car_A
1779263126.7701683,1779263125.832548,347,609.241,937.620,car_A
1779263127.0441215,1779263126.2298112,349,707.932,814.310,car_A
1779263127.3272762,1779263126.4297676,350,698.222,897.509,car_A
1779263127.6079245,1779263126.6323218,351,698.222,975.603,car_A
1779263127.841902,1779263126.8363316,352,700.692,1005.570,car_A
1779263128.0500135,1779263127.2347133,354,601.937,815.300,car_A
1779263128.2660418,1779263127.436609,355,601.937,829.433,car_A
1779263128.5599272,1779263127.6358845,356,603.474,924.043,car_A
1779263128.8168561,1779263128.0373552,358,603.129,779.501,car_A
1779263129.087824,1779263128.2344744,359,702.590,853.350,car_A
1779263129.355105,1779263128.4463713,360,699.157,908.734,car_A
1779263129.6207721,1779263128.8666353,362,612.016,754.137,car_A
1779263129.7878847,1779263129.0465095,363,615.448,741.375,car_A
1779263130.0539286,1779263129.2363958,364,504.647,817.533,car_A
1779263130.5100358,1779263129.4373047,365,504.647,1072.731,car_A
1779263130.6215792,1779263129.641516,366,601.485,980.063,car_A
1779263131.0048697,1779263130.040239,368,497.974,964.631,car_A
1779263131.3649445,1779263130.266275,369,496.937,1098.670,car_A
1779263131.6625621,1779263130.636716,371,601.080,1025.846,car_A
1779263131.9116836,1779263130.8596146,372,601.080,1052.069,car_A
1779263132.1936057,1779263131.0710843,373,609.123,1122.521,car_A
1779263132.4854214,1779263131.4372754,375,597.425,1048.146,car_A
1779263132.7664387,1779263131.6384184,376,597.425,1128.020,car_A
1779263133.0305786,1779263132.0370176,378,686.140,993.561,car_A
1779263133.247339,1779263132.234425,379,700.234,1012.914,car_A
1779263133.4823651,1779263132.6383,381,684.797,844.065,car_A
1779263133.768403,1779263132.8401022,382,684.797,928.301,car_A
1779263134.0462856,1779263133.2375567,384,700.909,808.729,car_A
1779263134.3062022,1779263133.4386933,385,700.909,867.509,car_A
1779263134.5863507,1779263133.6473763,386,700.909,938.974,car_A
1779263134.8274255,1779263134.0407462,388,601.303,786.679,car_A
1779263135.069184,1779263134.2421253,389,600.405,827.059,car_A
1779263135.3480682,1779263134.4429855,390,600.405,905.083,car_A
1779263135.6262705,1779263134.6437113,391,602.808,982.559,car_A
1779263135.805178,1779263135.0418537,393,597.406,763.324,car_A
1779263136.0779052,1779263135.244488,394,597.406,833.417,car_A
1779263136.3581347,1779263135.442874,395,601.942,915.261,car_A
1779263136.6290724,1779263135.8440096,397,600.843,785.063,car_A
1779263136.8428874,1779263136.0427706,398,600.843,800.117,car_A
1779263137.0888515,1779263136.242606,399,500.537,846.246,car_A
1779263137.5449648,1779263136.4601157,400,500.537,1084.849,car_A
1779263137.6477537,1779263136.6427336,401,607.880,1005.020,car_A
1779263137.9689913,1779263137.0476809,403,510.944,921.310,car_A
1779263138.2877238,1779263137.2496972,404,510.944,1038.027,car_A
1779263138.6107593,1779263137.4453225,405,603.536,1165.437,car_A
1779263138.9408886,1779263137.844043,407,601.427,1096.846,car_A
1779263139.1957085,1779263138.0647657,408,692.034,1130.943,car_A
1779263139.4796767,1779263138.4448617,410,598.199,1034.815,car_A
1779263139.7215106,1779263138.6498234,411,598.199,1071.687,car_A
1779263140.0084941,1779263139.0428853,413,700.521,965.609,car_A
1779263140.2846181,1779263139.2449777,414,700.521,1039.640,car_A
1779263140.5616918,1779263139.6463203,416,690.222,915.371,car_A
1779263140.793868,1779263139.8464394,417,690.222,947.429,car_A
1779263141.042512,1779263140.247685,419,697.670,794.827,car_A
1779263141.2833889,1779263140.449625,420,602.470,833.764,car_A
1779263141.5523708,1779263140.647371,421,602.470,905.000,car_A
1779263141.8153758,1779263141.0467398,423,599.146,768.636,car_A
1779263142.074373,1779263141.2484865,424,600.222,825.886,car_A
1779263142.3153124,1779263141.446302,425,600.222,869.010,car_A
1779263142.5973752,1779263141.8436518,427,599.288,753.723,car_A
1779263143.0492938,1779263142.0442939,428,598.210,1005.000,car_A
1779263143.1253078,1779263142.2474198,429,498.846,877.888,car_A
1779263143.4902391,1779263142.4469545,430,498.846,1043.285,car_A
1779263143.7862024,1779263142.8502257,432,600.927,935.977,car_A
1779263144.1344116,1779263143.048578,433,503.355,1085.834,car_A
1779263144.4180732,1779263143.4498425,435,503.355,968.231,car_A
1779263144.7091243,1779263143.6482327,436,601.285,1060.892,car_A
1779263144.9981103,1779263143.8482368,437,601.285,1149.873,car_A
1779263145.2670476,1779263144.2453427,439,598.323,1021.705,car_A
1779263145.5041273,1779263144.6455052,441,698.405,858.622,car_A
1779263145.7662103,1779263144.854035,442,597.902,912.175,car_A
1779263146.015027,1779263145.0742142,443,597.902,940.813,car_A
1779263146.2529454,1779263145.2546365,444,713.064,998.309,car_A
1779263146.4489224,1779263145.668638,446,703.272,780.284,car_A
1779263146.6877565,1779263145.8675587,447,711.716,820.198,car_A
1779263146.9859326,1779263146.0529037,448,611.099,933.029,car_A
1779263147.290877,1779263146.4509928,450,599.504,839.884,car_A
1779263147.5727205,1779263146.650095,451,688.472,922.626,car_A
1779263147.7727854,1779263146.8521829,452,697.804,920.603,car_A
1779263148.0097642,1779263147.05039,453,591.840,959.374,car_A
1779263148.2598445,1779263147.4503226,455,598.380,809.522,car_A
1779263148.5144997,1779263147.65217,456,598.380,862.330,car_A
1779263148.8074975,1779263147.8542323,457,600.661,953.265,car_A
1779263148.9805074,1779263148.2666175,459,599.914,713.890,car_A
1779263149.1824853,1779263148.4664574,460,608.179,716.028,car_A
1779263149.4763863,1779263148.6561549,461,608.179,820.231,car_A
1779263149.7083907,1779263148.855863,462,602.989,852.528,car_A
1779263150.0144045,1779263149.0704741,463,601.921,943.930,car_A
1779263150.2145152,1779263149.2539196,464,608.190,960.596,car_A
1779263150.3863397,1779263149.4528282,465,493.716,933.511,car_A
1779263150.6343908,1779263149.8538716,467,493.256,780.519,car_A
1779263150.9354198,1779263150.0550342,468,598.927,880.386,car_A
1779263151.213278,1779263150.2542174,469,599.663,959.061,car_A
1779263151.2942545,1779263150.6512105,471,600.656,643.044,car_A
1779263151.5742624,1779263150.854976,472,599.261,719.286,car_A
1779263151.8312721,1779263151.075114,473,599.261,756.158,car_A
1779263152.1363506,1779263151.259074,474,610.690,877.277,car_A
1779263152.2092698,1779263151.4545016,475,602.088,754.768,car_A
1779263152.4621668,1779263151.853045,477,502.223,609.122,car_A
1779263152.7460608,1779263152.0549877,478,499.106,691.073,car_A
1779263152.9224293,1779263152.2536802,479,499.106,668.749,car_A
1779263153.0661967,1779263152.455345,480,589.352,610.852,car_A
1779263153.336152,1779263152.6616535,481,500.515,674.499,car_A
1779263153.5291705,1779263152.8575315,482,500.515,671.639,car_A
1779263153.6600192,1779263153.0578015,483,502.314,602.218,car_A
1779263153.956482,1779263153.2596662,484,501.478,696.816,car_A
1779263154.430181,1779263153.464575,485,503.063,965.606,car_A
1779263154.4529617,1779263153.659809,486,504.695,793.153,car_A
1779263154.558092,1779263153.8753746,487,499.152,682.718,car_A
1779263154.8488173,1779263154.0777063,488,508.992,771.111,car_A
1779263155.1369512,1779263154.2782571,489,510.024,858.694,car_A
1779263155.327841,1779263154.6599498,491,509.371,667.891,car_A
1779263155.5817678,1779263154.8584251,492,597.755,723.343,car_A
1779263155.8389227,1779263155.0583766,493,491.600,780.546,car_A
1779263156.0508285,1779263155.255278,494,491.600,795.550,car_A
1779263156.2196615,1779263155.4599588,495,588.852,759.703,car_A
1779263156.4786663,1779263155.859134,497,498.944,619.532,car_A
1779263156.6697347,1779263156.0580654,498,500.427,611.669,car_A
1779263156.9527068,1779263156.2580419,499,500.427,694.665,car_A
1779263157.0997102,1779263156.4733555,500,599.905,626.355,car_A
1779263157.2636297,1779263156.6600254,501,506.772,603.604,car_A
1779263157.4494896,1779263156.8621585,502,506.772,587.331,car_A
1779263157.7346632,1779263157.0620258,503,501.580,672.637,car_A
1779263157.8625338,1779263157.2607238,504,502.057,601.810,car_A
1779263158.0685523,1779263157.4607673,505,501.413,607.785,car_A
1779263158.3295574,1779263157.6591895,506,493.777,670.368,car_A
1779263158.4435472,1779263157.8642135,507,499.654,579.334,car_A
1779263158.6415298,1779263158.0606463,508,501.097,580.884,car_A
1779263158.7556407,1779263158.2593396,509,499.383,496.301,car_A
1779263158.9733772,1779263158.4768918,510,499.382,496.485,car_A
1779263159.2303524,1779263158.6589406,511,508.163,571.412,car_A
1779263159.3394587,1779263158.875261,512,499.948,464.198,car_A
1779263159.5513492,1779263159.0720663,513,407.383,479.283,car_A
1779263159.67038,1779263159.26204,514,406.432,408.340,car_A
1779263159.9334986,1779263159.4598994,515,392.646,473.599,car_A
1779263160.2533953,1779263159.661015,516,400.550,592.380,car_A
1779263160.540271,1779263159.86545,517,392.951,674.821,car_A
1779263160.8386662,1779263160.063595,518,396.761,775.071,car_A
1779263161.130436,1779263160.2598815,519,400.846,870.554,car_A
1779263161.1522176,1779263160.4613614,520,400.063,690.856,car_A
1779263161.9692411,1779263160.6616318,521,400.063,1307.609,car_A
1779263162.046042,1779263160.8647587,522,500.377,1181.283,car_A
1779263162.5739005,1779263161.0612326,523,499.723,1512.668,car_A
1779263163.2901635,1779263161.4663959,525,607.088,1823.768,car_A
1779263163.6059444,1779263161.6612942,526,502.595,1944.650,car_A
1779263164.1909735,1779263162.0773375,528,502.595,2113.636,car_A
1779263165.041696,1779263162.258794,529,502.595,2782.902,car_A
1779263165.7115288,1779263162.6610343,531,800.190,3050.494,car_A
1779263166.2991416,1779263163.26417,534,899.730,3034.972,car_A
1779263167.164853,1779263163.6721938,536,899.730,3492.659,car_A
1779263167.7704988,1779263164.4685028,540,1105.780,3301.996,car_A
1779263168.3413641,1779263165.078688,543,1195.669,3262.676,car_A
1779263168.9801402,1779263165.6567633,546,1511.452,3323.377,car_A
1779263169.5942018,1779263166.266164,549,1702.905,3328.038,car_A
1779263170.2091875,1779263166.8629763,552,1702.295,3346.211,car_A
1779263170.7611399,1779263167.867311,557,1898.217,2893.829,car_A
1779263171.3720052,1779263168.2701335,559,1797.909,3101.872,car_A
1779263171.9651117,1779263169.070885,563,1801.642,2894.227,car_A
1779263172.6388843,1779263169.6809049,566,1813.948,2957.979,car_A
1779263172.9688115,1779263170.2874138,569,1811.511,2681.398,car_A
1779263173.2608478,1779263170.8648,572,1803.656,2396.048,car_A
1779263173.5466304,1779263171.4700694,575,1604.652,2076.561,car_A
1779263173.854017,1779263172.0704985,578,1697.867,1783.519,car_A
1779263174.157656,1779263172.8854852,582,1603.511,1272.171,car_A
1779263174.4378743,1779263173.2727787,584,1602.354,1165.096,car_A
1779263174.725804,1779263173.6723418,586,1492.756,1053.462,car_A
1779263175.018462,1779263174.0731173,588,1201.170,945.345,car_A
1779263175.2896326,1779263174.4731855,590,1104.327,816.447,car_A
1779263175.375437,1779263174.672942,591,793.918,702.495,car_A
1779263175.6286092,1779263174.87779,592,700.150,750.819,car_A
1779263175.7046936,1779263175.0726907,593,700.150,632.003,car_A
1779263176.2007182,1779263175.2739987,594,700.248,926.719,car_A
1779263176.2212343,1779263175.673572,596,600.508,547.662,car_A
1779263176.2894654,1779263175.877885,597,500.391,411.580,car_A
1779263176.5522852,1779263176.0809772,598,500.118,471.308,car_A
1779263176.8533692,1779263176.2763784,599,504.215,576.991,car_A
1779263176.91622,1779263176.476024,600,504.215,440.196,car_A
1779263177.490629,1779263176.67657,601,401.327,814.059,car_A
1779263177.5134542,1779263176.874459,602,399.410,638.995,car_A
1779263177.8122702,1779263177.075733,603,396.815,736.537,car_A
1779263178.105276,1779263177.2810757,604,396.815,824.200,car_A
1779263178.3891685,1779263177.4745965,605,402.602,914.572,car_A
1779263178.6654146,1779263177.8776095,607,402.602,787.805,car_A
1779263178.9643526,1779263178.0804262,608,501.656,883.926,car_A
1779263179.2539535,1779263178.2779503,609,502.424,976.003,car_A
1779263179.3100233,1779263178.4773903,610,502.424,832.633,car_A
1779263179.8851,1779263178.6763399,611,598.237,1208.760,car_A
1779263179.9169412,1779263179.0833638,613,600.947,833.577,car_A
1779263180.4920542,1779263179.2777689,614,602.952,1214.285,car_A
1779263180.8098571,1779263179.4834158,615,598.741,1326.441,car_A
1779263181.4057748,1779263179.680706,616,602.804,1725.069,car_A
1779263182.012713,1779263180.2849863,619,601.727,1727.727,car_A
1779263182.2887404,1779263180.475531,620,600.890,1813.209,car_A
1779263182.8876238,1779263180.87984,622,600.890,2007.784,car_A
1779263183.491772,1779263181.0774932,623,801.106,2414.279,car_A
1779263184.3884695,1779263181.289547,624,797.107,3098.922,car_A
1779263184.9895365,1779263181.6931124,626,797.107,3296.424,car_A
1779263185.5822558,1779263182.2717867,629,1006.276,3310.469,car_A
1779263186.1753159,1779263182.8797426,632,1101.263,3295.573,car_A
1779263186.7752266,1779263183.28013,634,1101.263,3495.097,car_A
1779263187.4090889,1779263184.0822344,638,1396.749,3326.854,car_A
1779263188.000368,1779263184.6886446,641,1396.749,3311.723,car_A
1779263188.5749574,1779263185.2873607,644,1699.620,3287.597,car_A
1779263189.181003,1779263185.8849657,647,1797.191,3296.037,car_A
1779263189.7528985,1779263186.4903355,650,1806.663,3262.563,car_A
1779263190.0789611,1779263187.0818353,653,1805.364,2997.126,car_A
1779263190.6888316,1779263187.6841047,656,1900.916,3004.727,car_A
1779263191.243619,1779263188.2855842,659,1800.998,2958.035,car_A
1779263191.7486415,1779263188.883647,662,1798.535,2864.995,car_A
1779263192.1545339,1779263189.485995,665,1798.211,2668.539,car_A
1779263192.721555,1779263190.091925,668,1800.583,2629.630,car_A
1779263193.0104642,1779263190.8755655,672,1702.899,2134.899,car_A
1779263193.5651512,1779263191.091271,673,1702.899,2473.880,car_A
1779263193.9025311,1779263191.693109,676,1599.568,2209.422,car_A
1779263194.441366,1779263192.088734,678,1599.568,2352.632,car_A
1779263194.779311,1779263192.6864464,681,1503.500,2092.865,car_A
1779263195.3403575,1779263193.0900462,683,1503.500,2250.311,car_A
1779263195.6882691,1779263193.694447,686,1206.429,1993.822,car_A
1779263196.5312083,1779263194.0965378,688,1401.746,2434.670,car_A
1779263196.832407,1779263194.4927979,690,1302.758,2339.609,car_A
1779263197.410017,1779263195.09142,693,1302.698,2318.597,car_A
1779263197.8089223,1779263195.4905274,695,1202.558,2318.395,car_A
1779263198.369066,1779263195.8908687,697,1301.382,2478.197,car_A
1779263199.0887573,1779263196.2943678,699,1200.507,2794.389,car_A
1779263199.6888425,1779263196.892351,702,1200.507,2796.492,car_A
1779263200.2327137,1779263197.2958407,704,1300.986,2936.873,car_A
1779263200.8238397,1779263197.8962204,707,1302.571,2927.619,car_A
1779263201.478529,1779263198.704638,711,1301.929,2773.891,car_A
1779263202.019534,1779263198.8882535,712,1406.955,3131.281,car_A
1779263202.799586,1779263199.7038105,716,1601.812,3095.776,car_A
1779263203.60628,1779263200.302788,719,1603.711,3303.492,car_A
1779263204.2841802,1779263201.0998402,723,1607.789,3184.340,car_A
1779263204.957147,1779263201.4947395,725,1601.879,3462.407,car_A
1779263205.6803765,1779263202.0976863,728,1593.274,3582.690,car_A
1779263206.5659623,1779263203.0913916,733,1702.320,3474.571,car_A
1779263207.1610508,1779263203.895727,737,1693.854,3265.324,car_A
1779263207.9098318,1779263204.4955647,740,1796.533,3414.267,car_A
1779263208.618673,1779263205.0941455,743,1795.056,3524.528,car_A
1779263209.202623,1779263205.8993242,747,1902.150,3303.299,car_A
1779263209.8397102,1779263206.4944763,750,1998.301,3345.234,car_A
1779263210.4404113,1779263207.2966402,754,1903.939,3143.771,car_A
1779263211.1605206,1779263208.0991473,758,1801.691,3061.373,car_A
1779263211.7584531,1779263208.8998556,762,1901.534,2858.598,car_A
1779263212.4445786,1779263209.496954,765,1902.919,2947.625,car_A
1779263213.051217,1779263210.0993397,768,1798.878,2951.877,car_A
1779263213.645011,1779263210.7002685,771,1802.503,2944.742,car_A
1779263214.1190634,1779263211.299297,774,1701.877,2819.766,car_A
1779263214.7100968,1779263212.0971177,778,1699.743,2612.979,car_A
1779263215.2892885,1779263212.7008243,781,1598.704,2588.464,car_A
1779263215.7539356,1779263213.3045428,784,1602.003,2449.393,car_A
1779263216.3438702,1779263213.9149854,787,1602.669,2428.885,car_A
1779263216.8877773,1779263214.5075374,790,1607.427,2380.240,car_A
1779263217.3466458,1779263215.1534817,793,1604.187,2193.164,car_A
1779263217.805734,1779263215.5175776,795,1528.251,2288.156,car_A
1779263218.2185519,1779263216.1112523,798,1408.442,2107.300,car_A
1779263218.66243,1779263216.7097874,801,1403.422,1952.643,car_A
1779263219.0955617,1779263217.104564,803,1397.467,1990.998,car_A
1779263219.5524154,1779263217.705285,806,1400.389,1847.130,car_A
1779263219.9813166,1779263218.1057088,808,1275.965,1875.608,car_A
1779263220.4443915,1779263218.4999676,810,1294.126,1944.424,car_A
1779263221.0132449,1779263218.9442458,812,1194.427,2068.999,car_A
1779263221.3293087,1779263219.5041,815,1117.294,1825.209,car_A
1779263221.909356,1779263219.9049993,817,1199.832,2004.357,car_A
1779263222.2061052,1779263220.315917,819,1099.920,1890.188,car_A
1779263222.7905126,1779263220.703076,821,1105.166,2087.437,car_A
1779263223.0931542,1779263221.302757,824,1101.611,1790.397,car_A
1779263223.6730192,1779263221.7072818,826,1179.315,1965.737,car_A
1779263224.1390576,1779263222.3046305,829,1101.651,1834.427,car_A
1779263224.5902455,1779263222.5061889,830,1199.879,2084.057,car_A
1779263225.0338879,1779263223.1047747,833,1095.195,1929.113,car_A
1779263225.4747486,1779263223.5073123,835,1200.908,1967.436,car_A
1779263225.9327948,1779263223.911579,837,1102.342,2021.216,car_A
1779263226.5648034,1779263224.3154557,839,1102.215,2249.348,car_A
1779263226.8332834,1779263224.753993,841,1119.833,2079.290,car_A
1779263227.4145327,1779263225.3110929,844,1203.275,2103.440,car_A
1779263227.9424732,1779263225.733357,846,1103.226,2209.116,car_A
1779263228.3255763,1779263226.3101687,849,1113.085,2015.408,car_A
1779263228.8954444,1779263226.9310718,852,1199.363,1964.373,car_A
1779263229.473324,1779263227.1090584,853,1307.882,2364.266,car_A
1779263230.1246052,1779263227.7105393,856,1177.599,2414.066,car_A
1779263230.6902857,1779263228.3137708,859,1199.792,2376.515,car_A
1779263286.1271424,1779263283.936039,122,,2191.103,car_A
1779263287.601668,1779263285.750016,131,,1851.652,car_A
1779263288.7545917,1779263287.134413,138,1299.590,1620.179,car_A
1779263289.5354686,1779263288.3376,144,1100.031,1197.869,car_A
1779263290.181317,1779263289.3419743,149,1003.203,839.343,car_A
1779263290.6913502,1779263289.9362204,152,1003.203,755.130,car_A
1779263291.1241996,1779263290.3395174,154,799.377,784.682,car_A
1779263291.4694595,1779263290.7395487,156,597.792,729.911,car_A
1779263291.7652452,1779263291.1423874,158,499.760,622.858,car_A
1779263292.2624693,1779263291.5421476,160,499.760,720.322,car_A
1779263292.3541358,1779263291.742774,161,601.384,611.362,car_A
1779263292.7343628,1779263291.9421356,162,501.682,792.227,car_A
1779263293.06106,1779263292.5488546,165,499.432,512.205,car_A
1779263293.4099114,1779263292.7428305,166,503.435,667.081,car_A
1779263293.6949294,1779263292.9411213,167,500.102,753.808,car_A
1779263293.99529,1779263293.144234,168,500.102,851.056,car_A
1779263294.2808294,1779263293.5444288,170,397.204,736.401,car_A
1779263294.5650952,1779263293.941498,172,499.923,623.597,car_A
1779263295.050834,1779263294.143154,173,500.256,907.680,car_A
1779263295.1847231,1779263294.542923,175,599.785,641.800,car_A
1779263295.573848,1779263294.7421603,176,499.321,831.688,car_A
1779263295.9217896,1779263295.3439646,179,509.132,577.825,car_A
1779263296.4764614,1779263295.5429611,180,600.471,933.500,car_A
1779263296.7945561,1779263295.756927,181,500.121,1037.629,car_A
1779263297.3576994,1779263295.942216,182,500.121,1415.483,car_A
1779263297.6345568,1779263296.343463,184,600.094,1291.094,car_A
1779263297.9783397,1779263297.144733,188,601.151,833.607,car_A
1779263298.5192902,1779263297.350605,189,693.976,1168.685,car_A
1779263298.8423808,1779263297.7467694,191,693.976,1095.611,car_A
1779263299.353272,1779263298.1477735,193,799.351,1205.498,car_A
1779263299.6702604,1779263298.5474522,195,600.839,1122.808,car_A
1779263300.1724176,1779263299.146673,198,699.121,1025.745,car_A
1779263300.5130181,1779263299.347342,199,700.028,1165.676,car_A
1779263300.8692567,1779263299.7478669,201,700.028,1121.390,car_A
1779263301.429037,1779263300.1489658,203,701.297,1280.071,car_A
1779263301.9690397,1779263300.5499892,205,701.297,1419.050,car_A
1779263302.424011,1779263301.1514168,208,701.289,1272.594,car_A
1779263302.828953,1779263301.3506227,209,701.842,1478.330,car_A
1779263303.1940656,1779263301.948635,212,800.045,1245.430,car_A
1779263303.6767123,1779263302.552815,215,900.251,1123.897,car_A
1779263304.2578676,1779263302.9510534,217,808.735,1306.814,car_A
1779263304.5456948,1779263303.363155,219,900.546,1182.540,car_A
1779263304.9215832,1779263303.7502165,221,799.944,1171.367,car_A
1779263305.4046106,1779263303.9498513,222,799.944,1454.759,car_A
1779263305.9445412,1779263304.5518215,225,698.593,1392.720,car_A
1779263306.253499,1779263304.9526746,227,800.463,1300.824,car_A
1779263306.7949743,1779263305.3514764,229,701.708,1443.498,car_A
1779263307.1245534,1779263305.7565863,231,701.708,1367.967,car_A
1779263307.485223,1779263306.3625877,234,810.064,1122.635,car_A
1779263307.9658098,1779263306.556799,235,810.064,1409.011,car_A
1779263308.5316443,1779263307.1477268,238,802.123,1383.918,car_A
1779263309.1111827,1779263307.5578969,240,799.045,1553.286,car_A
1779263309.8672247,1779263307.955424,242,695.015,1911.801,car_A
1779263310.5438955,1779263308.3724306,244,695.015,2171.465,car_A
1779263311.1830108,1779263308.774214,246,907.878,2408.797,car_A
1779263311.987846,1779263309.3555367,249,813.305,2632.309,car_A
1779263312.5827312,1779263310.3759477,254,1103.367,2206.784,car_A
1779263313.4395704,1779263310.777374,256,1103.367,2662.196,car_A
1779263314.010588,1779263311.7581418,261,1394.264,2252.446,car_A
1779263314.6144392,1779263312.360252,264,1394.264,2254.187,car_A
1779263315.3203938,1779263312.960288,267,1502.421,2360.106,car_A
1779263316.0182774,1779263313.7619088,271,1292.235,2256.369,car_A
1779263316.7273705,1779263314.3641355,274,1492.337,2363.235,car_A
1779263317.309278,1779263314.9595466,277,1303.058,2349.731,car_A
1779263317.7140913,1779263315.5714726,280,1299.709,2142.619,car_A
1779263318.2993858,1779263316.1617446,283,1305.654,2137.641,car_A
1779263318.8419302,1779263316.9712796,287,1302.676,1870.651,car_A
1779263319.3891034,1779263317.3685322,289,1303.633,2020.571,car_A
1779263319.8941827,1779263317.9647157,292,1306.377,1929.467,car_A
1779263320.266936,1779263318.5590017,295,1196.683,1707.934,car_A
1779263320.8547404,1779263318.9641888,297,1198.691,1890.552,car_A
1779263321.4297702,1779263319.5801165,300,1093.151,1849.654,car_A
1779263321.963654,1779263319.9641833,302,1203.851,1999.471,car_A
1779263322.313602,1779263320.5734227,305,1098.245,1740.179,car_A
1779263322.843486,1779263321.1730585,308,1007.275,1670.428,car_A
1779263323.6906521,1779263321.7690063,311,1104.507,1921.646,car_A
1779263324.0484076,1779263322.37787,314,1094.514,1670.537,car_A
1779263324.6412938,1779263322.771843,316,999.062,1869.451,car_A
1779263325.5452735,1779263323.3730478,319,1002.348,2172.226,car_A
1779263326.0692854,1779263323.9715075,322,1002.348,2097.778,car_A
1779263414.9191065,1779263413.3518188,21,,1567.288,car_A
1779263415.8539886,1779263414.8501241,24,,1003.865,car_A
1779263416.6628847,1779263415.848858,26,999.344,814.027,car_A
1779263417.3880057,1779263416.352524,27,,1035.482,car_A
1779263418.0251656,1779263417.3514378,29,751.266,673.728,car_A
1779263418.5394778,1779263417.8462358,30,751.361,693.242,car_A
1779263418.9677756,1779263418.361142,31,746.932,606.634,car_A
1779263419.5193727,1779263418.8489282,32,504.915,670.444,car_A
1779263419.8423421,1779263419.3622174,33,501.407,480.125,car_A
1779263420.9245203,1779263419.857037,34,500.602,1067.483,car_A
1779263420.948371,1779263420.3540125,35,504.124,594.358,car_A
1779263421.2803843,1779263420.869555,36,495.973,410.829,car_A
1779263421.8121974,1779263421.356752,37,,455.446,car_A
1779263422.2312407,1779263421.854274,38,501.441,376.967,car_A
1779263422.7341855,1779263422.3575654,39,492.424,376.620,car_A
1779263423.2360127,1779263422.8575187,40,500.469,378.494,car_A
1779263423.7490413,1779263423.3575635,41,501.690,391.478,car_A
1779263424.2438743,1779263423.8546774,42,500.062,389.197,car_A
1779263424.720823,1779263424.3547606,43,498.644,366.062,car_A
1779263425.2467763,1779263424.8550675,44,498.663,391.709,car_A
1779263425.741711,1779263425.3600616,45,500.259,381.649,car_A
1779263426.3047774,1779263425.8634877,46,502.717,441.290,car_A
1779263426.9095595,1779263426.3614578,47,504.273,548.102,car_A
1779263427.2336578,1779263426.8598087,48,500.766,373.849,car_A
1779263427.8235576,1779263427.3735716,49,498.224,449.986,car_A
1779263428.3387232,1779263427.8758438,50,506.125,462.879,car_A
1779263428.8694777,1779263428.360075,51,508.081,509.403,car_A
1779263429.2535214,1779263428.8700917,52,493.317,383.430,car_A
1779263429.7482455,1779263429.3579865,53,497.186,390.259,car_A
1779263430.2443106,1779263429.8581815,54,499.017,386.129,car_A
1779263430.7460809,1779263430.3602543,55,494.110,385.827,car_A
1779263431.24201,1779263430.8622746,56,501.196,379.735,car_A
1779263431.8189788,1779263431.3655472,57,502.109,453.432,car_A
1779263432.3359559,1779263431.8613875,58,502.710,474.568,car_A
1779263432.8232095,1779263432.3698518,59,499.619,453.358,car_A
1779263433.3398855,1779263432.864528,60,502.219,475.358,car_A
1779263433.7288556,1779263433.3573828,61,501.657,371.473,car_A
1779263434.2416596,1779263433.8704708,62,493.828,371.189,car_A
1779263434.790069,1779263434.3674138,63,503.041,422.655,car_A
1779263435.2327302,1779263434.8704069,64,505.092,362.323,car_A
1779263435.775564,1779263435.3704712,65,500.034,405.093,car_A
1779263436.2579997,1779263435.8804336,66,501.597,377.566,car_A
1779263436.5465071,1779263436.3774488,67,505.083,169.058,car_A
1779263437.240396,1779263436.8702297,68,503.556,370.166,car_A
1779263437.5074284,1779263437.3700771,69,246.463,137.351,car_A
1779263438.0002756,1779263437.8695207,70,246.463,130.755,car_A
1779263438.5363686,1779263438.3735292,71,249.791,162.839,car_A
1779263438.9905252,1779263438.8703878,72,,120.137,car_A
1779263439.4961736,1779263439.3667521,73,500.497,129.421,car_A
1779263440.2521498,1779263439.8705745,74,248.253,381.575,car_A
1779263440.8250341,1779263440.3668451,75,248.253,458.189,car_A
1779263441.261018,1779263440.8746963,76,500.110,386.322,car_A
1779263441.7679489,1779263441.3801327,77,502.128,387.816,car_A
1779263442.239901,1779263441.8776214,78,506.712,362.280,car_A
1779263442.4537134,1779263442.3603547,79,501.539,93.359,car_A
1779263443.0059004,1779263442.8766286,80,490.174,129.272,car_A
1779263443.6535993,1779263443.3740554,81,258.207,279.544,car_A
1779263444.0336397,1779263443.8762116,82,258.207,157.428,car_A
1779263444.5425282,1779263444.3725016,83,499.856,170.027,car_A
1779263445.1875224,1779263444.876175,84,499.289,311.347,car_A
1779263445.503478,1779263445.3738368,85,500.048,129.641,car_A
1779263446.0182724,1779263445.8758447,86,500.735,142.428,car_A
1779263446.6627643,1779263446.381039,87,251.086,281.725,car_A
1779263447.510339,1779263446.8790867,88,,631.252,car_A
1779263447.5304348,1779263447.3685827,89,501.689,161.852,car_A
1779263448.2993186,1779263447.8835151,90,493.832,415.803,car_A
1779263448.8510413,1779263448.3816195,91,502.299,469.422,car_A
1779263449.3469903,1779263448.8820472,92,506.583,464.943,car_A
1779263450.0652864,1779263449.379988,93,499.333,685.298,car_A
1779263450.3651435,1779263449.8813412,94,499.249,483.802,car_A
1779263450.8410926,1779263450.3789172,95,499.714,462.175,car_A
1779263451.4277933,1779263450.8824632,96,499.530,545.330,car_A
1779263451.9869995,1779263451.3843784,97,500.629,602.621,car_A
1779263452.3836133,1779263451.883401,98,502.793,500.212,car_A
1779263452.8855567,1779263452.3800519,99,500.533,505.505,car_A
1779263453.5446107,1779263452.8806822,100,497.903,663.929,car_A
1779263454.1318967,1779263453.3808,101,498.701,751.097,car_A
1779263454.4915571,1779263453.863145,102,500.436,628.412,car_A
1779263454.990378,1779263454.3743732,103,491.290,616.005,car_A
1779263455.4325812,1779263454.884205,104,496.853,548.376,car_A
1779263455.9294775,1779263455.3887544,105,510.592,540.723,car_A
1779263456.454213,1779263455.8866057,106,507.252,567.607,car_A
1779263457.0341427,1779263456.3889692,107,501.264,645.174,car_A
1779263457.6110234,1779263456.8870876,108,500.172,723.936,car_A
1779263458.136029,1779263457.388332,109,500.304,747.697,car_A
1779263458.667017,1779263457.8890812,110,499.743,777.936,car_A
1779263459.2659376,1779263458.4052646,111,,860.673,car_A
1779263459.814856,1779263458.8893268,112,508.533,925.529,car_A
1779263460.1888928,1779263459.3880663,113,508.533,800.827,car_A
1779263460.7736917,1779263459.909275,114,749.555,864.417,car_A
1779263461.3057306,1779263460.4109159,115,752.070,894.815,car_A
1779263461.6686823,1779263460.8887007,116,760.860,779.982,car_A
1779263462.170649,1779263461.3889406,117,750.380,781.708,car_A
1779263462.5687625,1779263461.8970842,118,739.897,671.678,car_A
1779263462.8765378,1779263462.4052403,119,743.149,471.298,car_A
1779263463.2694566,1779263462.8955882,120,508.218,373.868,car_A
1779263463.7763987,1779263463.3923185,121,499.333,384.080,car_A
1779263464.0657122,1779263463.9029512,122,493.602,162.761,car_A
1779263464.5634992,1779263464.39235,123,503.745,171.149,car_A
1779263465.088222,1779263464.933753,124,244.766,154.469,car_A
1779263465.6941838,1779263465.3945339,125,270.766,299.650,car_A
1779263466.0261092,1779263465.8934386,126,270.766,132.671,car_A
1779263466.5509179,1779263466.3929505,127,479.905,157.967,car_A
1779263467.1868842,1779263466.893837,128,249.826,293.047,car_A
1779263467.5498817,1779263467.3951266,129,,154.755,car_A
1779263468.04077,1779263467.904085,130,501.150,136.685,car_A
1779263468.7258291,1779263468.4021716,131,254.548,323.658,car_A
1779263469.0200856,1779263468.8967042,132,254.548,123.381,car_A
1779263469.548767,1779263469.39614,133,496.374,152.627,car_A
1779263470.204719,1779263469.898887,134,249.784,305.832,car_A
1779263470.5646985,1779263470.399469,135,,165.230,car_A
1779263471.0526676,1779263470.9008942,136,501.730,151.773,car_A
1779263471.572453,1779263471.3991325,137,250.784,173.321,car_A
1779263472.0444064,1779263471.9009829,138,249.182,143.424,car_A
1779263472.5554142,1779263472.399475,139,250.993,155.939,car_A
1779263473.0442777,1779263472.8993351,140,249.309,144.943,car_A
1779263473.5666885,1779263473.4019694,141,249.994,164.719,car_A
1779263474.187126,1779263473.898104,142,251.377,289.022,car_A
1779263474.5620973,1779263474.399134,143,251.377,162.963,car_A
1779263475.070098,1779263474.901229,144,498.644,168.869,car_A
1779263475.5600376,1779263475.4048095,145,251.116,155.228,car_A
1779263476.0612373,1779263475.902569,146,251.855,158.668,car_A
1779263476.5709624,1779263476.4023643,147,248.945,168.598,car_A
1779263477.0598643,1779263476.903824,148,249.960,156.040,car_A
1779263477.5797732,1779263477.442546,149,250.794,137.227,car_A
1779263478.2809503,1779263477.9042175,150,269.423,376.733,car_A
1779263478.6146793,1779263478.4495656,151,,165.114,car_A
1779263479.036624,1779263478.9084158,152,503.574,128.208,car_A
1779263479.5610266,1779263479.4087293,153,229.493,152.297,car_A
1779263480.2058418,1779263479.9171107,154,250.219,288.731,car_A
1779263480.5733635,1779263480.4034476,155,250.219,169.916,car_A
1779263481.059444,1779263480.9071727,156,497.423,152.271,car_A
1779263481.7715282,1779263481.406484,157,251.937,365.044,car_A
1779263482.2754726,1779263481.9056835,158,249.721,369.789,car_A
1779263482.6271968,1779263482.4088411,159,,218.356,car_A
1779263483.0351565,1779263482.9102194,160,501.240,124.937,car_A
1779263483.5452757,1779263483.4064405,161,502.329,138.835,car_A
1779263484.2251496,1779263483.9205613,162,248.179,304.588,car_A
1779263484.785101,1779263484.4123096,163,,372.791,car_A
1779263485.3778787,1779263484.9094856,164,502.996,468.393,car_A
1779263485.7923574,1779263485.40966,165,494.525,382.697,car_A
1779263486.286714,1779263485.9115665,166,498.739,375.148,car_A
1779263486.7858,1779263486.410217,167,501.110,375.583,car_A
1779263487.379599,1779263486.9136386,168,500.346,465.961,car_A
1779263487.7946017,1779263487.413219,169,501.100,381.383,car_A
1779263488.302588,1779263487.9086742,170,501.572,393.914,car_A
1779263488.812632,1779263488.4085238,171,497.584,404.108,car_A
1779263489.3844457,1779263488.9100165,172,497.715,474.429,car_A
1779263489.970409,1779263489.4132035,173,500.735,557.205,car_A
1779263490.3513443,1779263489.91693,174,502.407,434.414,car_A
1779263490.8534026,1779263490.4127874,175,503.524,440.615,car_A
1779263491.2880943,1779263490.9158478,176,499.855,372.247,car_A
1779263491.855134,1779263491.4169214,177,499.527,438.213,car_A
1779263492.6759868,1779263491.9150085,178,502.135,760.978,car_A
1779263493.5528715,1779263492.4156945,179,499.645,1137.177,car_A
1779263494.4508598,1779263492.917603,180,499.451,1533.257,car_A
1779263495.058832,1779263493.4168782,181,501.372,1641.954,car_A
1779263495.6408963,1779263493.9224014,182,,1718.495,car_A
1779263496.489677,1779263494.4187756,183,753.424,2070.901,car_A
1779263497.0875375,1779263494.9225605,184,,2164.977,car_A
1779263498.0395365,1779263495.920887,186,1000.510,2118.649,car_A
1779263498.897394,1779263496.4195924,187,999.308,2477.802,car_A
1779263499.7792416,1779263497.4226208,189,1253.028,2356.621,car_A
1779263500.6641915,1779263498.420565,191,1250.096,2243.627,car_A
1779263501.7779887,1779263498.9281306,192,1249.904,2849.858,car_A
1779263502.4320755,1779263499.4581807,193,,2973.895,car_A
1779263503.3117452,1779263500.422137,195,1519.368,2889.608,car_A
1779263504.1628156,1779263501.4238925,197,,2738.923,car_A
1779263504.9806836,1779263502.4239244,199,1501.727,2556.759,car_A
1779263505.776598,1779263503.4224951,201,1732.607,2354.103,car_A
1779263506.4184768,1779263503.9483974,202,,2470.079,car_A
1779263507.015432,1779263504.9273682,204,1502.564,2088.064,car_A
1779263507.558543,1779263505.931352,206,1501.287,1627.191,car_A
1779263507.929332,1779263506.4301486,207,,1499.183,car_A
1779263508.4303236,1779263506.93345,208,1503.906,1496.874,car_A
1779263508.7323382,1779263507.9333768,210,1252.511,798.961,car_A
1779263509.0742943,1779263508.4354768,211,1001.095,638.818,car_A
1779263509.582122,1779263508.932466,212,1002.745,649.656,car_A
1779263509.8041935,1779263509.4333444,213,999.585,370.849,car_A
1779263510.330038,1779263509.9329145,214,499.005,397.124,car_A
1779263510.923977,1779263510.435258,215,500.300,488.719,car_A
1779263511.4991033,1779263510.935547,216,501.026,563.556,car_A
1779263512.0364165,1779263511.4330773,217,501.382,603.339,car_A
1779263512.3609805,1779263511.937349,218,498.982,423.631,car_A
1779263512.8827574,1779263512.437638,219,500.966,445.119,car_A
1779263513.4007323,1779263512.9368298,220,502.347,463.902,car_A
1779263513.8697274,1779263513.438076,221,499.805,431.651,car_A
1779263514.6155388,1779263513.9370077,222,500.284,678.531,car_A
1779263515.0835052,1779263514.434527,223,500.157,648.978,car_A
1779263515.6646547,1779263514.9486942,224,498.295,715.961,car_A
